name;phone;email;website;address;
123webpro;71211425��;info@123webpro.com;www.123webpro.com;R�sidence El Ahmadi - 2097 BOUMHEL BEN AROUS;;;;;;
2CW (CONSEIL COMMUNICATION WEB);71873398;mustapha.mezgheni@planet.tn*** info@2cw.com.tn ;;13, r. S. Ben Slimene, Manar II;Mustapha Mezguani;�tudes, conseil en technologies de l�information et E-services, parcs technologiques, incubateurs de projets et p�pini�res d'entreprises, support et accompagnement des entreprises technologiques ;;71858750;71858840;www.2cw.com.tn
2Web Tunisie;71 856 934;contact@2web-tunisie.com;www.2web-tunisie.com;P�le technologique 2088 ARIANA;;;;;;
3D INFO;71785543 / 71849123 / 71254978 / 71254978;info3d@planet.tn;;2, r. Guin�e, Tunis  - 7,r.8002 ,Mpnplaisir, Tunis - 108, r. Yougoslavie, unis;;;;;;
3I;71 961 859;3i@3i.com.tn;www.3i.com.tn;Rue Lac Victoria - R�sidence El MANAMA2 Les Berges Du Lac;;;;;;
3S;71 11 11 00;recrutement@3s.com.tn;www.3s.com.tn;Immeuble 3S, lotissement Ennassim (par avenue Kheireddine Pacha) 1073 Tunis, Tunisie;;;;;;
3S GLOBALNET;71801155 / 71872000;nasr@gnet.tn;;12, av. H. Rachid, Mutuelleville, Tunis - 30, av. M. Jarbou, Manar II, Tunis;;;;;;
3S2I;71862081;3s2i@planet.tn;;R�s. Sa�d, Berges Lac;;;;;;
Abc-webmarketing;71252251;mae@abc-webmarketing.com;www.abc-webmarketing.com;12, Avenue de Paris, 1001 Tunis.;;;;;;
Acceleate;73 820 875;yzouari@acceleate.com;www.acceleate.com;Technop�le de Sousse, Hammam Maarouf - 4000 Sousse - Tunisia;;;;;;
Access to e-business;71 888 882;mae@accesstoebusiness.com;www.accesstoebusiness.com;Avenue S.Ben Slimane - Diar El Ons Appt J5D - 2092 El Manar 2 Tunis -Tunisie;;;;;;
Adept;+33 (0)1 69 19 16 16;"info.de@adept.com;info.fr@adept.com";www.adept.com;Adept Technology France - Parc d'activit�s du Haut de Wissous - 3, av. Jeanne Garnerin - B�t. 4, RDC gauche - 91320 Wissous - France;;;;;;
Adeptiberica; +33 (0)1 6919 1616;adept@adeptiberica.com;www.adeptiberica.com;Adept Technology France SARL - Parc Du Moulin de Massy - 41, rue du Saule Trapu  CE-222rt - 91882 MASSY Cedex(France);;;;;;
Adhoc International;71 23 37 33;"monastir@adhoc-international.com;Rim.souissi@adhoc-international.com";www.adhoc-international.com;International City Center - Centre Urbain Nord - 1082 Tunis, Tunisie;;;;;;
ADP TUNISIE;71940133;moez.mili@planet.tn;;12, r. Usine;;;;;;
Aexia;;rh@aexia.net;www.aexia.net;;;;;;;
AFRICON;71708399;graedej.Hausjuerg@imksoft.ch;;Ariana Center, Ariana;;;;;;
Agency Web;71762345��;contact@agencyweb.tunis.in;www.agencyweb.tunis.in;32, R. Saad GHRAB Cit� des Journalistes- 2083 C. GHAZELA ARIANA;;;;;;
AIDE INFORMATIQUE;71752077;aide@planet.tn;;45, r. Moez, Menzah;;;;;;
Alcatel Tunisie;71856611/71857446;"alcatel.tunisie@alcatel.fr;njean-francois.bousquet@alcatel.fr";www.alcatel.fr;Parc Technologique des Communications Route de Raoued km 3,5 BP N� 165 - 2083 C. EL GHAZALA ARIANA;;;;;;
Aldebaran-robotics;;contact@aldebaran-robotics.com;www.aldebaran-robotics.com;;;;;;;
Alma;;almafrance-grenoble@alma.fr;www.alma.fr;;;;;;;
Alpha Studios;71 767 199;info@alpha-studios.com;www.alpha-studios.com;28, rue Lieutenant Bijaoui - Menzah V - 1004 Tunis - Tunisie;;;;;;
Alpha-engineering;71964906��;contact@alpha-engineering.net;www.alpha-engineering.net;Bur. 10, Imm. Arcadia, R. Lac Michigan - 1053 Les Berges Du Lac Tunis;;;;;;
AMADEUS TUNISIE;71847188;amadeus@gnet.tn;;41bis, av. L. Braille;;;;;;
APPLICATION ON LINE;71773673;apol@apol.ws;;2, r. 8601, Z.I. Charguia;;;;;;
Applisys;79 490 459;contact@applisys.net;www.applisys.net;Appt. E4, R�sidence ELMOMTEZ - 2068 ELMOUROUJ 5;;;;;;
Aqueduc New Technology;;recrutement.aqueduc@gmail.com;;;;;;;;
ARAB SOFT INTERNATIONAL;71705788;aboumarwan@gnet.tn;;4, av. Ind�pendance, Ariana;;;;;;
ARCHIMED TUNISIA;71859710;archimed@archimed.com.tn;;Rte Raoued, Parc Technologique des Communications;;;;;;
Aripa;01.60.73.48.48;"contact@aripa.fr;eric.louis@aripa.fr";www.aripa.fr;130 rue du G�n�ral de Gaulle - 77430 CHAMPAGNE SUR SEINE;;;;;;
Arsautomation;0039.0575.39861;info@arsautomation.com;www.arsautomation.com;Via P. Gobetti, 19 - 52100 Arezzo;;;;;;
ASI (ARAB SOFT INFORMATIQUE);71793202;arabsoft@planet.tn;;12, r. 8010, Monplaisir;;;;;;
Assistanceplus;71715270��;"hassen@assistanceplus.com.tn ; assistance.hasen@planet.tn";www.assistanceplus.com.tn;29, Avenue de l'Ind�pendance R�sidence Maryem - 2080 ARIANA ARIANA   ;;;;;;
Assurances Maghrebia;71 788 800;Khaled.Othmani@ab.com.tn;www.maghrebia.com.tn;64, rue de Palestine Tunis 1002;;;;;;
ASTER DIRECT (SOCIETE EZZAHIA);71861535;jameleddine.kalle@planet.tn;;Imm, Chourouk, Berges Lac;;;;;;
Astute;71 708 499;astute@astute.com.tn;www.astute.com.tn;R�sidence Meriem 29,Rue de l'ind�pendance, 2082 Ariana, Tunisie;;;;;;
ATCS;71715827;commercial@atcs.com.tn;;R. Med S. Belhaj, R�s. Printemps;;;;;;
ATS (ADVANCED TECHNOLOGIES SOFTWARE);71211613 / 71719724;ats.informatique@gnet.tn;;76, Av Habib BOURGUIBA. 2080 ARIANA ARIANA;;;;;;
Audis-engineering;71948020 / 71 948 040;Kais.chaabouni@audis-engineering.com;audis-engineering.com;Ap B1/6 et B1/7 -Melek Center- Boulevard de la terre- CUN;;;;;;
Aviation IT Services Africa;71 942 744;Zied.miladi@aisa.aero;www.aisa.aero;12 Rue de l�artisanat, Charguia II 2035 Tunis-Carthage TUNISIE;;;;;;
AZUR SYSTEMES;71338261;somai@azursys.com.tn;;Im Zarrouk Centre, Angle Rue Ahmed Tlili, Av Carthage, 1000 Tunis;;;;;;
BEST NETWORK COMMUNICATION;71848949;bestnet.com.net;;14, r. Imam El Ghazeli;;;;;;
Best-showing;70825852��;contact@best-showing.com;www.best-showing.com;Avenue Hedi Nouira R�sidence Asma, Nasr II- 2037 MENZAH 5 - 8 ARIANA   ;;;;;;
BFI;71840577 / 71 857 008;bfi@bfi.com.tn;;5,r. Argentine, Tunis-R�s. Yosr, Berges du Lac, Tunis-Rte Raoued, Parc Technologique des Communications, Tunis;;;;;;
BH TECHNOLOGIES;71950020 / 71950014;m.dg@bht.com.tn;;33, Rue 8301, Monplaisir, 1002 Tunis B�lv�d�re;;;;;;
BIAT;;mohamed.benmakhlouf@biat.com.tn;www.biat.com.tn;;;;;;;
Bilog;;"drh@bilog.fr;contact@bilog.com";www.bilog.fr  www.bilog.com;Rte de Raoued, Km3,5, BP35 2088, Complexe Technologique, ARIANA;;;;;;
BIODATA CARTHAGO;71940521;biodata.africa@planet.tn;;R. Entrepreneurs, Charguia II;;;;;;
BMC;71�961�167;commercial@bmc.com.tn;www.bmc.com.tn;Rue lac constance, Immeuble galerie du lac, Bloc B, Bureau 6, 1053 Les berges du Lac. Tunis. Tunisie;;;;;;
BMI;71 388 000;bmi@bmi.com.tn;www.bmi.com.tn;Bureau de Management Industriel Rte de sousse Km 5.5 - Imm Ch�rif 2�me etage;;;;;;
BSII;71887232;isolution@planet.tn;;Colis�e Saula,esc B, Manar II;;;;;;
BUSINESS SOFTWARE COMPONENTS;71280180;BSC@gnet.tn;;Rue 8366, Espace Aziz Bloc B - 1073 MONTPLAISIR TUNIS   ;;;;;;
C2S;71841132;c2s@planet.tn;;10, r. 7000;;;;;;
Canada-services;71 844 300;contact@canada-services.com;www.canada-services.com;44 avenue de la Libert�, Bureau 302 1002 Tunis - Tunisie // Immeuble Becheur 1er �tage N�12 rue Khaled Iben El walid 4002 Sousse Tunisie;;;;;;
CARTHAGE SOFTWARE CO;71388458;"csc.technique@planet.tn ; csc.hanini@planet.tn";www.planet.tn;59, av. France, Ben arous;;;;;;
CAT;71434530;cat@gnet.tn;;62, av. Paris, r�s. Bonna M�grine;;;;;;
CBS;71780249;mhs.cbs@planet.tn;;41, av. H. Chaker;;;;;;
CDI;71889098;lotfi.boumedien@cdi.com.tn;;C. Jasmins, Manar II;;;;;;
CDI ( Consulting et D�veloppement Informatique );71 28 19 58;selma.benmoussa@cdi.com.tn;www.cdi.com.tn;;;;;;;
CEA;;stages@cea.fr;;;;;;;;
CIEL INFORMATIQUE;;sbourcier@topnet.tn;;AVENUE LES ORANGERS N 18 KHEZAMA EST;;;;;;
CIPI (COMPAGNIE INTERNATIONALE DE PROMOTION INDUSTRIEL);71 940 115 / 71 940 124;h.fatnassi@cipi.com.tn;;2, RUE DES ENTREPRENEURS Z.I. ARIANA - 2035 - TUNIS CARTHAGE;;;;;;
CITISOFT;71751270;citisoft@planet.tn;;13, Rue Abou Hay�ne 1004 El Menzeh IV- Tunis;;;;;;
Clfa;;paubert@clfa.fr;;;;;;;;
Cnes;01 44 76 78 02 / +33 1 44 76 78 02;michel.maurette@cnes.fr;www.cnes.fr;Centre National d'Etudes Spatiales - 2 Place Maurice Quentin - 75039 Paris Cedex 1 - France;;;;;;
COM 4;71873470;com4@planet.tn;;Av. T. B. Ammar, imp. N� 1, Menzah 9;;;;;;
Constelis;+33 6 33 41 09 14;"contact@constelis.com;francoise.abjean@constelis.com";www.constelis.com;;;;;;;
COSOFT;71791885;lahmar.ali@planet.tn;;23, r. Ibn Rachiq;;;;;;
Creatis-pub;98 517 061;info@creatis-pub.com;www.creatis-pub.com;Creatis-pub 8bis Avenue Ahmed telili - Megrine 2033-tunis-Tunisie;;;;;;
CSP;71234511;csp@planet.tn;;5 Rue 7036 El Menzah IV - 2080 Ariana;;;;;;
Csys;70�938�055;nizar@csys.com.tn;www.csys.com.tn;La Soukra;;;;;;
CTIT;71844444;youssef.benyedder@gnet.tn;;4,r. Danton;;;;;;
CTS;71724824;ctskam@caravantelecom.com;;R�s. Habib, Berges Lac;;;;;;
CYBER SOFT INFORMATIQUE;71847623;cybersoft@planet.tn;;21, r. Koweit;;;;;;
CYBERCOMM;71238255;f.benamor@cybercomm.com.tn;;31bis, r. T. Ibn Zied;;;;;;
Cybercomm;71238255;t.benamor@cybercomm.com.tn;www.cybercomm.com.tn;31bis, Rue Tarek IBN ZIAD ARIANA ARIANA;;;;;;
CYNEX SOFTWARE;71857057;dhamir@cynex.com.tn;;Copml. Technologique de communications, c. Ghazala;;;;;;
Dassault-aviation;;Bruno.Patin@dassault-aviation.com;www.dassault-aviation.com;;;;;;;
DATASOFT TUNISIE;71337996;datasoft@gnet.tn;;34,r. A. Ben Ghedhahem;;;;;;
D-clicks;;commercial@d-clicks.fr;www.d-clicks.fr;;;;;;;
Dcn;+33 (0)1 40 59 50 00;yves.picart@dcn.fr;www.dcn.fr;40-42, rue du Docteur Finlay - 75732 Paris Cedex 15;;;;;;
Designskillz;;info@designskillz.com;www.designskillz.com;;;;;;;
DIFFUSION INFORMATIQUE;71793053;diffinfo@planet.tn;;5bis, r. kawakibi;;;;;;
Digital Developer;;"sami@digitaldeveloper.com;recrutement@digital-developer.com";;;;;;;;
DISCOVERY INFORMATIQUE;71712463;kais.sellami@discovery.com.tn;;Z.I. Ariana, B.P. 112, Tunis-cedex;;;;;;
Divona Telecom;;recrutement.technique@divonatelecom.com;www.divonatelecom.com;;;;;;;
Dot IT;71 96 53 80;houssem.charfi@dotit.com.tn;www.dotit.com.tn;Immeuble Azur, 3�me �tage Rue du Lac Biwa , Les Berges du Lac 1053 TUNIS;;;;;;
DSC;71950552;dsc@planet.tn;;Espace de Tunis C3-3, Montplaisir 1002 Tunis;;;;;;
Dynalog-us;;"info@dynalog-us.com;support@dynalog-us.com";www.dynalog-us.com;;;;;;;
Ebiznas;;elfalah@ebiznas.com;www.ebiznas.com;;;;;;;
Ebsys-tech;;ebsys@ebsys-tech.com;www.ebsys-tech.com;;;;;;;
Eca;;ppa@eca.fr;www.eca.fr;;;;;;;
Echerif;;jobs@echerif.fr;www.echerif.fr;;;;;;;
Ecomiz;;"hedi.zouari@ecomiz.com;rh@ecomiz.com";www.ecomiz.com;;;;;;;
Edatis;71 23 47 41;is@edatis.com;www.edatis.com;8 Rue H�di Kh�facha - 1004 El Menzah 1 - Tunisie;;;;;;
Edirect-tunisie;;comm@edirect-tunisie.com;www.edirect-tunisie.com;;;;;;;
EDS;71426596;eds.faiza@gnet.tn;;5Ter, r. Tazarka, M�grine;;;;;;
EDS 2I;71950364;hafedh.rahmouni@eds2i.com.tn;;R. Med Badra, Monplaisir;;;;;;
E-I;;iidjobs@e-i.com;www.e-i.com;;;;;;;
EISA INFORMATIQUE;71789541;eisa.inf@gnet.tn;;37, r. Niger;;;;;;
ELECTRONIQUE GENERALE ENTRPRISE;71799019;info@egecomputer.com;;3, r. A.Mansouri;;;;;;
ELITE INFORMATIQUE;71342424;elite@gnet.tn;;63, av. H. Bourguiba, Parnasse;;;;;;
Ensi;;"raoudha.chebil@ensi.rnu.tn;chebbi.nizar.ensi@hotmail.fr";www.ensi.rnu.tn;;;;;;;
Equinoxes;71940080;info@equinoxes.net;;Batiment Hertz, Rue des Entrepreneurs - Z.I. Charguia II - 2035 Tunis-Carthage;;;;;;
EURO MEDLOG;71806809;hmegdiche@planet.tn;;71, r. A. Savary;;;;;;
Evatys;;recrutement@evatys.com;www.evatys.com;;;;;;;
EXPERT TUNISIE SQL;71236736;sql.expert@planet.tn;www.sqlexpert.com ; 7, Immeuble Narjess. 2091 MENZAH 6 ARIANA;;;;;;
Facenet Service;71333160;facenetservicefrance@gmail.com;www.facenetservice.com/;3 rue Kenitra,1001 Tunis, Tunisie;;;;;;
Facenet Service;;Pierre.saulnier@facenetservice.com;www.facenetservice.com;;;;;;;
FAURIEL;71323655;info@f2i. Com.tn;;126,r. Yougoslavie;;;;;;
FIM TUNISIE;71893768;fim-dard@gnet.tn;;21, r. Asdrubal;;;;;;
FMSOFT;71569898 / 71569898;fmsoft@gnet.tn;;"Rue OUM ESSAAD YAHYA  TUNIS 1006";;;;;;
Focus;;"recruit@focus.com.tn;focus@focus.com.tn ; focus@planet.tn";www.focus.com.tn;;;;;;;
FRATCOM;71864432;fratcom@topnet.tn;;5, Rue Bayrouni , 2036 SOUKRA ARIANA  ;;;;;;
Gazelle Technologies;;jobs@gazelle-technologies.com;www.gazelle-technologies.com;;;;;;;
GCS;71428666;gcs@planet.tn;;5, r. Usines, Z.I. Sidi R�sig, M�grine;;;;;;
GCT;71894267;gct@planet.tn;;9, r. B. Khouri, Omrane;;;;;;
GEISER;71799400;utic@utic.com.tn;;R.8611, Charguia, B. P,136;;;;;;
GENIE INFORMATIQUE;71496504;genie.inf@planet.tn;;5, r.A. Ben Ayed Tunis Bab Menara;;;;;;
Genigraph;;"mgueydon@genigraph.fr;mgueydan@genigraph.fr;wmrabti@genigraph.fr";www.genigraph.fr;;;;;;;
GEOMAP INTERNATIONAL;71796980;mbenhamida.geomap@planet.tn;;44,46 av. Libert�;;;;;;
GIC;71428710;gic.gara@planet.tn;;Rezig center;;;;;;
GIS (GENERAL INFORMATIQUE ET SURVEILLANCE);71848847;gis.ah@planet.tn;;45, r. A. Savary;;;;;;
GIS (GRAPHIQUE INGENIERIE SERVICE);71846023;gis.khenissi@planet.tn;;71, r. Jugurtha Mutuelleville;;;;;;
GIT;71770773;git.tunisie@planet.tn;;71, r. Savary app. C 32, C. Khadra;;;;;;
GLOBAL SERVICE INFORMATIQUE;71953747;globalserviceinformatique@topnet.tn;; Espace Zitouna MONTPLAISIR TUNIS;;;;;;
Go-makkah;;contact@go-makkah.com;www.go-makkah.com;;;;;;;
Gostai;;contact@gostai.com;www.gostai.com;;;;;;;
Groupement Informatique;71844866;alejri@planet.tn;;112,R. Palestine 1002 Tunis;;;;;;
Gruppocos;;ridha@gruppocos.it;www.gruppocos.it;;;;;;;
Gs1tm;;info@gs1tm.org;www.gs1tm.org;;;;;;;
GSI;71286618;gsi.tunisia@gnet.E43tn;;33, r. A. Savary;;;;;;
GTI;71798700;gti.informatique@planet.tn;;5/7, r. Khartoum, Compl. Diplomate Bloc 4;;;;;;
GTMC;71809043;gtmc@planet.tn;;1, r. Ibn Rochd, C. Khadra;;;;;;
Hexabyte;;"bilel.lajmi@hexabyte.tn;yossr.landoulsi@hexabyte.tn;revelation@hexabyte.tn";www.hexabyte.tn;;;;;;;
Himilco;;"Raed.kouki@himilco.net;contact@himilco.net";www.himilco.net;;;;;;;
Hlpsite;;biz@hlpsite.com;www.hlpsite.com;;;;;;;
HOTIX TUNISIE;71706707;hotix@planet.tn;;19, r. Artisanat. Z.I. Charguia;;;;;;
Hotixsoft;;tunisie@hotixsoft.com;www.hotixsoft.com;;;;;;;
Hotmail;;info@hotmail.com;www.hotmail.com;;;;;;;
HR-Access;;candidature@hraccess.com;www.hraccess.com;;;;;;;
HSI (HARD SOFT INFORMATIQUE);70696288;hsi.wah@gnet.tn;; 62, Avenue de l'UMA 2036, SOUKRA ARIANA;;;;;;
I2M (INFORMATIQUE MULTIMEDIA);71841866;asellami.i2m@planet.tn;;7, r. 8002, Monplaisir;;;;;;
Ibs;;commercial@ibs.com.tn;www.ibs.com.tn;;;;;;;
ICN;71787256;info@icn.com.tn;;Ang. R. 8009/8010, Bloc D, Ctre Babel, Monplaisir;;;;;;
ICOTEC;71344800;psc.tec@planet.tn;;63, r. M. Attia;;;;;;
ICS (INTERNATIONAL COMPUTER SERVICE);71235660 / 71754711;ics.gateway2000@planet.tn;;49, r. Moez, Menzah;;;;;;
IDEE;71799338;kamel@idee.com.tn;;112, r. Palestine;;;;;;
IDERYET PLUS;71794808;ideryet.plus@gnet.tn;;65, r. A. Savary;;;;;;
Ifr;;"gl@ifr.org;sl@ifr.org";www.ifr.org;;;;;;;
Ifremer;;rigaud@ifremer.fr;www.ifremer.fr;;;;;;;
IFRICOM;71795636;ifricom@planet.tn;;11, r. M. Bourguiba;;;;;;
Ige-xao;;hchtara@ige-xao.com;www.ige-xao.com;;;;;;;
Igm;;fbraham@igm.com.tn;www.igm.com.tn;;;;;;;
Igm-france;;contact@igm-france.com;www.igm-france.com;;;;;;;
IMCS;71799909;imcs@gnet.tn;;15bis, r. Dr A. Laveran;;;;;;
Immersion;;job@immersion.fr;www.immersion.fr;;;;;;;
Infodesign-tn;;info@infodesign-tn.com;www.infodesign-tn.com;;;;;;;
INFONET SERVICE TUNIS;71573922;publinet.infonet@planet.tn;; 1, rue Taieb M'hiri. 2000 BARDO TUNIS;;;;;;
INFORMATION TECHNOLOGIE CONSULT ITC;71814334;mohmed.yangui@planet.tn;;Avenue Hedi NOUIRA, Immeuble La Coupole MENZAH 5 - 8 ARIANA;;;;;;
Initiative Business;;jobs@initiativebusiness.com;www.initiativebusiness.com;;;;;;;
INSER (INFORMATIQUE SERVICE);71703601;inser.tn@planet.tn;;Av. M. Hajej, Ariana;;;;;;
Inspire;;info@inspire.com.tn;www.inspire.com.tn;;;;;;;
INTEGER;71808606;secureu@integer.com.tn;;27, r. 8603, Z.I. Charguia;;;;;;
Integ-objects;;careers@integ-objects.com;www.integ-objects.com;;;;;;;
Intempora;;"contact@intempora.com;support@intempora.com";www.intempora.com;;;;;;;
INTERDATA;71321352;idata@gnet.tn;;18, r. Maroc;;;;;;
IOTA;74211827;iota@planet.tn;;8 Rue Ibn Chabbat 3000 Sfax;;;;;;
Ipnets;;contact@ipnets.tn;www.ipnets.tn;;;;;;;
Irsit;;hatem@irsit.rnrt.tn;www.irsit.rnrt.tn;;;;;;;
ISC;71843800;mfrachdi.isc@planet.tn;;11, r. Azzam;;;;;;
Itbs4tic;;job@itbs4tic.com;www.itbs4tic.com;;;;;;;
ITCI;71503542;info@itci-online.com;;12 Rue Hammamet,  2000 Le Bardo;;;;;;
IT-Conseil;23225950��;ghamgui@it-conseil.com;www.it-conseil.com;Pole Elgazala des Technologies de la communication - 2083 C. GHAZELA ARIANA;;;;;;
ITG;71840599;info@itg-tunisia.com;;13, r. J�rusalem;;;;;;
ITIC;71894600;itic@planet.tn;;44, r. Niger;;;;;;
Itpartner-info;;rh@itpartner-info.com;www.itpartner-info.com;;;;;;;
KARTECH DEVELOPPEMENT;71429258;kar.tech@planet.tn;;Z.I. st Gobain, M�grine Riadh;;;;;;
Keyros;;mourad.benhamida@keyros.com;www.keyros.com;;;;;;;
KHADAMET;71454310��;khadamet@planet.tn;;40, Av. 7 Novembre - 2034 EZZAHRA BEN AROUS  ;;;;;;
Kineocam;;contact@kineocam.com;www.kineocam.com;;;;;;;
Kt-centrex;;emploie@kt-centrex.com;www.kt-centrex.com;;;;;;;
Lareference;;info@lareference.com.tn;www.lareference.com.tn;;;;;;;
LB CONSULTING;71857874��;lbconsulting@planet.tn;;Route de Raoued Km 3,5 - 2088 PARC TECHNOLOGIQUE ARIANA ;;;;;;
LE PARTENAIRE INFORMATIQUE;71285433;lpi@gnet.tn;;6, r. Argentine;;;;;;
Leservice;;evision@leservice.com;www.leservice.com;;;;;;;
Lexpress;;imedia@lexpress.net;www.lexpress.net;;;;;;;
LG-Electronics;71 861 059;Mahfoudh.AOUICHRI@lge.com;www.lg.com;Immeuble Mansoura 1 rue du Lac Annecy - Bloc C 4�me �tage, 1053 Les Berges du Lac, Tunis / Tunisie;;;;;;
LINK AND CO;71782117;link@gnet.tn;;18, r. S�n�gal;;;;;;
Link Software International;71 856 167 / 71 856 175;info@linkconet.com;www.linkconet.com;P�le technologique des communications - 2088 (Ariana), Tunisie;;;;;;
Linkconet;;agasri@linkconet.com;www.linkconet.com;;;;;;;
Linkonet;;info@linkonet.com;www.linkonet.com;;;;;;;
Liweb-agency;;contact@liweb-agency.net;www.liweb-agency.net;;;;;;;
LOGIN SOFTWARE;71793398;login.software@planet.tn;;4, r. A. Triki;;;;;;
Lunivers-info;;commercial@lunivers-info.com.tn;www.lunivers-info.com.tn;;;;;;;
Manager Partner;71 96 53 38;Khaled.triki@managerportner.com.tn;www.managerpartner.com.tn;6 Rue du lac Toba App n� 12 - Les Berges du Lac -1053-;;;;;;
MAPSYS TUNISIE;71885166;mapsystn@planet.tn;;7, r. 7306, Menzah 9;;;;;;
Masagroup;;info@masagroup.eu;www.masagroup.eu;;;;;;;
MASH;71766622;commercial@mash.com.tn;www.mash.com.tn;2, r. Saheb Taba�;;;;;;
Mateco;;info@mateco.com.tn;www.mateco.com.tn;;;;;;;
Mat-riscx;;m.hassine@mat-riscx.com;www.mat-riscx.com;9, Rue de J�rusalem Belv�d�re 1002 Tunis;;;;;;
Maxulaconseils;;recrutement@maxulaconseils.com;www.maxulaconseils.com;;;;;;;
MBI;71234003;mbi@planet.tn;;6 Rue Lieutnent Bejaoui, ElMenzah 5;;;;;;
MCI Tunisie;71282721��;"jemmali@lycos.com;koobaa-houssem@lycos.com";;25BIS, RUE CANADA - 1002 TUNIS BELVEDERE TUNIS;;;;;;
Med.ge;;Guillaume.buc@med.ge.com;www.med.ge.com;;;;;;;
MEDI 3 D ANIMATION;71940398;medi3d@yahoo.fr;;34, r. M�tiers, B.P. 631, Z.I. Charguia;;;;;;
MEDIA NET;71766635;info@medianet-tunisie.com;;15, r. M. Hlioui, Menzah;;;;;;
MEDIA SUD;71849095;mahertrifi@yahoo.fr;;Monplaisir, Imm. Narcisse;;;;;;
MEDIA XPERT;71211425;info@media-xpert.com;www.media-xpert.com;Bd Environnement, r�s. El Ahmadi, Boumhel;;;;;;
MEDIANOVA;71715123;info@medianova.com.tn-medianova@planet.tn;;82, av. H. Bourguiba, Ariana;;;;;;
Mediatix;;rs@mediatix.com;www.mediatix.com;;;;;;;
Medinfo Tunisie�;;kketari@medinfo.fr;www.medinfo.fr;R�sidence Lac 2001, Prima bloc C appartement n� 4 Les Berges du Lac 1053 Tunis;;;;;;
MEDSOFT;71860955;lazhar.fekih@medsoft.com.tn;;R. 101, Imm. Astr�e, Berges Lac;;;;;;
MICRO DESIGN, STE;71350347;ytanfous@microdesign.com.tn;;16, r. Ath�ne;;;;;;
Microsoft;;mictn@microsoft.com;www.microsoft.com;;;;;;;
MRS;71856252;ms@mrs.com.tn;;Parc Technologique des communications, Km 3,5 R. de Raoued, 2083 Cit� El Ghazala;;;;;;
MSI;71719657;msi.consultants@gnet.tn;;44, av. Habib Bourguiba- 2080 Ariana, Tunisie;;;;;;
MSI Consultants;71 230 615 / 71 230 447;msi.consultants@gnet.tn;www.msi-consultants.com;4 bis Rue Hassen ENNOURI El Menzah V - 037 Ariana;;;;;;
MULTICOM;71843007;multicom@planet.tn;;4, r. C�te Ivoire;;;;;;
N3s;;n3s@n3s.com.tn;www.n3s.com.tn;;;;;;;
NCS Telecom;71 287 199 -71287533;hchebbi@ncstelecom.com.tn;;;;;;;;
Ncstelecom;;contact@ncstelecom.net;www.ncstelecom.net;;;;;;;
Netcom;71847846;karim.ahres@netcom.com.tn;;2 Rue Bahri Brigui, 2092 Manar;;;;;;
Netcreations;;direction@netcreations.com.tn;www.netcreations.com.tn;;;;;;;
NEUROCOM Tunisie;71280100;mab@neurocom.com.tn;;19 Av Jugurtha - Cit� Mehraj�ne � 1082 Tunis;;;;;;
Newsoft-tn;;slim.lamine@newsoft-tn.com;www.newsoft-tn.com;;;;;;;
Newtech�;71 85 90 00;nt@newtech.com.tn;www.newtechtn.com;Adresse postale: Parc des Technologies des communications ELGHAZALA B.P n�19 --2088-Ariana ,TUNISIE;;;;;;
NEXT SOFTWARE;71711907;next.software@gnet.tn;;Ariana Center ARIANA ARIANA;;;;;;
Next Web +;72 262 628;info@nextwebplus.com;www.nextwebplus.com;97 Av. du koua�t Immeuble Hamzaoui (el zouhour) 2eme �tage. Hammamet 8050-Tunisie;;;;;;
Nextedia;;"recrute_tunis@nextedia.com;hhediji@nextedia.com";www.nextedia.com;;;;;;;
Nouvelair;�73 52 06 00;Mehdi.mezghani@nouvelair.com.tn;www.nouvelair.com;�Zone Touristique Dkhila - 5065 - Monastir - Tunisie;;;;;;
Novamotion;;info@novamotion.com;www.novamotion.com;;;;;;;
NSS;71843482;nss@planet.tn;;17,r. A. Kabadi, Omrane;;;;;;
Oasistechnologique;;info@oasistechnologique.com;www.oasistechnologique.com;;;;;;;
OBI Tunisie;71289646;obitunisie@planet.tn;;7 Rue Hooker Dolittle, 1002 Tunis;;;;;;
Omega-ing;;omega@omega-ing.com;www.omega-ing.com;;;;;;;
Oneclic;;contact@oneclic.com.tn;www.oneclic.com.tn;;;;;;;
ONLY SOFT;71800257;onlysoft@planet.tn;;3, r. M. Ibn Noussair;;;;;;
Open Information Technology;71845011;info@openitt.com;www.openitt.com;11, Rue Imem El bekri 1002 - tunis�;;;;;;
Open-itt;;support@openitt.com;www.openitt.com;;;;;;;
OPENNET COMMUNICATIONS;71892377;jamel.sghaier@opennet.com.tn;;R. Moez, Imm, Aur�s, Apt n�3 Menzeh;;;;;;
Optimal Manager;71 90 42 51 ;optimal.manager@planet.tn;www.optimal-manager.com;;;;;;;
OPTYMA INFO MEDIA;71848471;optyma.infomedia@planet.tn;;7, r. A. Ibn Badis;;;;;;
ORADIST;71860344;support@oradist.com.tn;;Ru du Lac Malren, 1053 Berges Lac;;;;;;
Orange Tunisie;;Sami.kilani@orangeTunisie.tn;recrutement.orangetunisie.tn;;;;;;;
ORBIT NET;71883798;orbit-net@planet.tn;;9, av. Ere Nouvelle, C. Ennasr, Menzah 9;;;;;;
Owliance;;recrutement@owliance.com;www.owliance.com;;;;;;;
OXANCE;71289229;oxance@planet.tn;;10, r. 7000, Monplaisir;;;;;;
OXEANE;;"mmaalej@oxeane.com;szammouri@oxeane.com";www.oxeane.com;;;;;;;
OXIA;71282700;"samir.zghal@oxiasoft.com ; rh@oxia-group.com";www.oxia-group.com;11, R. Claude Bernard 1002 - TunisBelv�d�re;;;;;;
PICOSOFT;71856735;"picosoft@gnet.tn ; office@picosoft.biz";www.picosoft.biz;Rte De Raoued, Km3,5 PARC TECHNOLOGIQUE ARIANA;;;;;;
Polytec;;info@polytec.fr;www.polytec.fr;;;;;;;
Positiftunisie;;contact@positiftunisie.com;www.positiftunisie.com;;;;;;;
Poterie-de-tunisie;;info@poterie-de-tunisie.com;www.poterie-de-tunisie.com;;;;;;;
POWAIR CONSULTING;71940260;powairconsulting@gnet.tn;;15, Rue des Usines TUNIS CARTHAGE ARIANA;;;;;;
PROCOM TECHNOLOGY;71506866;procom@planet.tn;;35, r. Capm Milbert, Bardo;;;;;;
Prolexia;;stage@prolexia.fr;www.prolexia.fr;;;;;;;
Prologic;;lyes.benothemen@prologic.com.tn;www.prologic.com.tn;;;;;;;
PRONET,PROFESSIONAL NETWORK;71840940;pronet@gnet.tn;;3, r. M. Ibn Noussair;;;;;;
Proof9;;tunis@proof9.com;www.proof9.com;;;;;;;
PROSOFT;71790593-71961475;prosoft.cabani@gnet.tn;;36bis, r. M. A. Annabi, Tunis-Cristl Palace App2 A4 Berges Lac C. M'hiri;;;;;;
Protegys;;recrut.commercial@protegys.com;www.protegys.com;;;;;;;
Pubtunisie;;info@pubtunisie.com;www.pubtunisie.com;;;;;;;
Pulsar Sales;74299645;pulsar.sales@planet.tn;; RUE CONSANTANTINE IMM. ESSAADA APP.5;;;;;;
PYRA TUNISIE;71787155;hbahri@pyra.com.tn;;67, r. A.Svary. R�s Jardins;;;;;;
Quadra Recrutement;94459004;quadra-recrutement@topnet.tn;www.quadra-recrutement.com;Complexe Bouhajeb 4 i�me �tage/appt n�10;;;;;;
R2i;71860477;faouzi.zaghbib@r2i.com.tn;;D1, Palais du Golfe, Rue du Lac Malaren,1053 Les Berges du Lac;;;;;;
RAI;71258398;zhatem.rai@gnet.tn;;29, r. Ghana;;;;;;
RAKEN;71728066;services@raken.com;;B.P. 659, Ctre Phenicia B 12, bd H.Bourguiba , Marsa Safsaf;;;;;;
Recrut-tunisie;;recrut@recrut-tunisie.com;www.recrut-tunisie.com;;;;;;;
REFLEX;71664429;reflex@planet.tn;;  10, Rue d'Alg�rie -   2000 BARDO TUNIS  ;;;;;;
REFLEX;71888851;reflex@planet.tn;;Ctre Ines, Bloc 1 Manar II;;;;;;
Reisrobotics;;"personalabteilung@reisrobotics.de;reisrobotics.fr";www.reisrobotics.de reisrobotics.fr;;;;;;;
Renault;;"andras.kemeny@renault.com;javier.posselt@renault.com";www.renault.com;;;;;;;
RESCOM INFORMATIQUE;71703916;resocom@planet.tn;;Ariana Center C 213, Ariana;;;;;;
Rhonax;;info@rhonax.fr;www.rhonax.fr;;;;;;;
RITM;71867074;ritm@gnet.tn;;R. 18 Janvier, Ariana center, Ariana;;;;;;
ROBOBAT AFRIQUE;71338434;robobat@planet.tn;;24, r. dghbagi;;;;;;
Rogers;;tech@rogers.com;www.rogers.com;;;;;;;
Roptimaxes;;andre.lemarechal@roptimaxes.com;www.roptimaxes.com;;;;;;;
Rubicub;;recrutement@rubicub.com;www.rubicub.com;;;;;;;
Sab2i;;recrutement-tunisie@sab2i.com;www.sab2i.com;;;;;;;
SACEMA;71765845;sacema@planet.tn;;Km 9, av. Mosqu�e Raoudha, Soukra;;;;;;
Sagemcom;;Stages-sst@sagemcom.com (SagemCom);www.sagemcom.com (SagemCom);;;;;;;
SAM TUNISIA;71774777;info@samtunisie.com;;Av. H. Bourguiba, r�s. Phenicia, Marsa;;;;;;
Sanabilmed;;commercial@sanabilmed.com;www.sanabilmed.com;;;;;;;
ScadaCom Tunisie;71858816 / 71858880;"khaled.turki@scadacom.net.tn;contact@scadacom.net.tn";www.scadacom.net.tn;Immeuble Al Badr, Rue du lac Malaren, Les berges du lac;;;;;;
SEET 3D;71435542;seet-3d@ gnet.tn;;Av.7 Novembre, H. Lif;;;;;;
SEET 3D;71437687;seet-3d@gnet.tn;; Avenue du 7 Novembre. 2050 H. LIF BEN AROUS;;;;;;
Sepro-robotique;;drh@sepro-robotique.com;www.sepro-robotique.com;;;;;;;
Serma;;d.Trias@serma.com;www.serma.com;;;;;;;
SERVANT SOFT TUNISIE;71861451;servantsoft@planet.tn;;Imm. Batam, Bloc B, Berges Lac C. M'hiri;;;;;;
Sfib;;contact@sfib.fr;www.sfib.fr;;;;;;;
SIDCO;71797004;sidco.sicar@gnet.tn;;70, av. Libert�;;;;;;
SIDES INFORMATIQUE;71789166;sides.info@planet.tn;;4, Rue du Kenya, 1002 Tunis;;;;;;
SIGA;71960281;zouheir.benali@planet.tn;;Bloc C, Palais du Golfe, Rue du Lac Malren, 1053 Berges Lac;;;;;;
SIGMA;71783470;amufti.sigma@planet.tn;;6,r. M. Sfar;;;;;;
SIM (SERVICE INORMATIQUE&MULTIMEDIA);71797930;sim.tunis@libero.it;;37Bis, r. Khartoum;;;;;;
SIM (STE MAGHREBINE D'INFORMATIQUE);71882565;sim.salih@gnet.tn;;Colis�e soula, Manar II;;;;;;
Simac;;direction@simac.com.tn;www.simac.com.tn;;;;;;;
SIMAC;71329616;simac@planet.tn;;124, r. Yougoslavie;;;;;;
Sislogiciel;;sis@sislogiciel.com;www.sislogiciel.com;;;;;;;
SITECH;71719486;amk.sitech@planet.tn;;48, av. T. Mhiri, Ariana;;;;;;
SMART WAYS;79412770 / 24143576;smart.ways@wanadoo.tn;www.smart-ways.info;54bis, Avenue du 7 novembre - 1164, H. CHATT BEN AROUS;;;;;;
Smartact Sarl;;smartact.recrut@gmail.com;;menzah 9, Tunisie;;;;;;
SoftProgress;;mahmoud@softprogress.com;www.softprogress.com;;;;;;;
SOFTWARE CORPERATION;71848949;software.corp@planet.tn;;14, r. Imam El Ghazali;;;;;;
SOFTWARE INFORMATIQUE SOLUTIONS SIS;70944440;sis.contact@planet.tn;;R�sidence Lyes, imm. 20 SOUKRA ARIANA;;;;;;
SOFTWAY TUNISIE;71893125-71788944;softway@planet.tn;;26, r. 8714, C. Olympique, C. Khadra, Tunis-10, r. st Augustin, Tunis;;;;;;
Sogyl;;referencement@sogyl.com;www.sogyl.com;;;;;;;
SOTINOR;71287046;stinfor@planet.tn;;5, r. Lib�ria;;;;;;
SPG SERVICE;71860733;sahbi.gargouri@spg.com.tn;;Imm, Babel, Berges Lac, C. M'hiri;;;;;;
SPHERE MULTIMEDIA;71893477;sphere.multimedia@sphere.com.tn;;R. 8011, espace Tunis Monplaisir;;;;;;
SQL, EXPERT TUNISIE;71236736;sql.expert@planet.tn;;7, Imm. Narjes, Menzah 6;;;;;;
SSIT;71236030;ssit@gnet.tn;;66, av. 10 d�cembre, Menzah;;;;;;
ST2I;71704066;st2i@st2i.com.tn;;2, r. M�tiers, Charguia;;;;;;
STAR INGENIEURIE;71709055;star.consult@planet.tn;;Ariana Center, Ariana;;;;;;
STAREPR;71581668;afri.sta@gnet.tn;;Imm, Mouradi, esc. D, Bardo;;;;;;
STEA;06 08 94 19 83 ;stea24@wanadoo.fr;www.stea.fr;Z.I. - 24590 ST CREPIN ET CARLUCET;;;;;;
ST-Microelectronics;70105130��;"Maher.hechkel@st.com;sonia.mbarek@st.com";www.st.com;Cit� Technologique des Communications - 2083 La Gazelle Ariana - Tunis - Tunisia;;;;;;
Stonesoft;;Maher.keskess@stonesoft.com;www.stonesoft.com;;;;;;;
SUDSOFT;71434633;chafik.b@planet.tn;; 27, Rue El Bahja Cit� El Hana. 2040 RAD�S BEN AROUS;;;;;;
SUDSOFT ETUDE DEVELOPPEMENT ASSISTANCE;71434633;chafik.b@planet.tn;;13bis,r.ibn Toufaiel, M�grine;;;;;;
Sungard;;Ramla.bejaoui@sungard.com;www.sungard.com;;;;;;;
SUPERNET Tunisie;71 76 32 32;super.net@planet.tn;;56, Av. Abou El Walid Ibn Rochd, App N� 08 Ariana 2058;;;;;;
Syleps;;sydel@syleps.com;www.syleps.com;;;;;;;
Symop;;"jp.bugaud@symop.com;n.parascandolo@symop.com";www.symop.com;;;;;;;
Synapse;71280256;jamel@suse.com.tn;;25 Av Louis Braille, 1002 Tunis;;;;;;
SYNAPSYS;71 857 899;"k.jerbi@cynapsys.de;M.Borchani@cynapsys.de";www.cynapsys.de;P�le Elgazala des Technologies de la Communication BP 105 - 2088 Ariana;;;;;;
Systeme informatique Tunisie;�71 38 84 71 / 71 38 84 73;masmoudi@sit.com.tn;www.sit.com.tn;3, rue des Fonderies Z.I. Ben Arous 2013 Tunisie;;;;;;
Tadis Tunisia SA;71 96 89 60;mbenali@tadis.ch;www.tadis.com.tn;Les Berges Nord du Lac de Tunis, Jardins du Lac, R�sidence Riviera, Bloc D;;;;;;
Taggist;;recrutement@taggist.fr;www.taggist.fr;;;;;;;
Talan;;recrutement@talan.fr;www.talan.fr;;;;;;;
Talan Tunisie;;recrutement@talantunisie.com.tn;www.talantunisie.com.tn;;;;;;;
TANIT INFORMATIQUE;71235711;tanit@gnet.tn;;16, r. T. Ibn Zied, Menzah V, Ariana;;;;;;
Tanitsystems;;commercial@tanitsystems.com;www.tanitsystems.com;;;;;;;
TBS;71885950;tbs.soussi@planet.tn;;Colis�e Soula, esc. C, B.P. 79, Manar II;;;;;;
TEAMSWARE;71960400;mdrira@teamsware.com.tn;;Imm. Nawrez, Bloc C, Appt c2 C M'hiri;;;;;;
Technetstudio;;pub@technetstudio.net;www.technetstudio.net;;;;;;;
TECHNOLOGIE TRANSFERT;71719646;letaief.ezzeddine@planet.tn;;48, av. T. M'hiri, Ariana;;;;;;
TELNET;71706922;info@telnet.com.tn;;Im Ennour, Centre Urbain Nord, 1082 Tunis Mahraj�ne;;;;;;
TEMICAD;71860700;vdw@temicad.com.tn;;Ctre Babel, Berges Lac. C. M'hiri;;;;;;
TEPTAC;71843983;teptac.jab@planet.tn;;11, r. Abderrahmane azzam;;;;;;
Thales Group;;joel-g.morillon@fr.thalesgroup.com;www.fr.thalesgroup.com;;;;;;;
TIB;71331420;tib@gnet.tn;;4, r. Idrissi;;;;;;
TIF;71254937;tif@planet.tn;;6,r. Jbel El Feth;;;;;;
TIM;71712456;tim@gnet.tn;;20, r. H.Ben Othman, Ariana;;;;;;
Touhami Mijani;98312717;touhami.midani@planet.tn;;22,Rue 9092 2023 Tunis;;;;;;
TOUNET;71285646;nbh.tounet@planet.tn;;13, r. M. Slaheddine, Monplaisir;;;;;;
TRABTECH CONSULT;71849156;hamadi.trabelsi@planet.tn;;19, r. D. Anglivel, Mutuelleville,C,Mahraj�ne;;;;;;
Trainux;;info@trainux.com;www.trainux.com;;;;;;;
Trescal;;catherine.bourdoncle@trescal.com;www.trescal.com;;;;;;;
Trium-technology;;info@trium-technology.com;www.trium-technology.com;;;;;;;
Tun Info For You;;contact@tuninfoforyou.com;www.tuninfoforyou.com;;;;;;;
TUNICONNECT;71232399;tuniconnect@planet.tn;;7, r. Mongi Slim, Menzah;;;;;;
TUNISIA SOFTWARE CO;71705925;tsc.infonet@gnet.tn;;B.P. 505, Ariana;;;;;;
Tunisiana;;"mounir.melliti@tunisiana.com;wassim.benslimane@tunisiana.com";www.tunisiana.com;;;;;;;
TUNISIE NOUVELLE TECHNOLOGIES;71237332;direction.tnt@planet.tn;;10, r. Juges. Menzah 6;;;;;;
TUNISIE SOFT INFORMATIQUE;71785037;tunisie.soft@planet.tn;;102,r. Jugurtha, Mutuelleville;;;;;;
TUNISIE TECHNOLOGIE&MULTIMEDIA;71790321;ttm@slls.com;;42,av. H. Cheker, Imm. Ben salah;;;;;;
TUNISIE WEB SERVICES;71245961;tws@gnet.tn;;12, Rue Jebel El Fath - 1001 TUNIS REPUBLIQUE TUNIS  ;;;;;;
TUNISOFT;71232120;tunisoft@netcourrier.com;;5, r. Juges, Menzah 6;;;;;;
ULYSOFT;71941088;m.miled@ulysoft.com.tn;;1, r. entrepreneurs, Z.I., Tunis A�roprt;;;;;;
UNICOM;71345111;kamel.shabou@unicom.com.tn;;25,Rue  J. Jaur�s, 1001 Tunis;;;;;;
Utic;;geiser@utic.com.tn;www.utic.com.tn;;;;;;;
Vdma;;silke.lampe@vdma.org;www.vdma.org;;;;;;;
Vermeg;;"rgouta@vermeg.com;job@vermeg.com;mhanifeh@vermeg.com";www.vermeg.com;;;;;;;
Wanyrobotics;;"resume@wanyrobotics.com;wany.asia@wanyrobotics.com;wany.europe@wanyrobotics.com;wany.usa@wanyrobotics.com";www.wanyrobotics.com;;;;;;;
Waycon�;71 941 231;info@waycon.com.tn;www.waycon.com.tn;Rue des entrepreneurs, Immeuble Hertz Bloc A ,RDC ZI Charguia II, 2030�� Tunis - Tunisie;;;;;;
WEB DESIGN;71887470;nader.yamoun@webdesign.com.tn;;R�s. Jasmins, Bloc B, Appt 8, Manar II;;;;;;
WEB ONE;71784726;kaaniche@webone-tunisie.com;;21, Rue Ibn Badis 1002 Tunis , Tunisia;;;;;;
WEB VISION;71734613;webvision@planet.tn;;90, av. H. Bourguiba, Carthage;;;;;;
WELLPOINTCOM;71236659;pixel@planet.tn;;R. Imam. Ibn Hambal;;;;;;
Wezign;;infos@wezign.com;www.wezign.com;;;;;;;
WINDSER COMMUNICATION;71864172;info@windser.com;;9, r. Dar Fadhal, Soukra;;;;;;
WINSOFT INFORMATIQUE2080 ARIANA ARIANA;71712227;winsoft@planet.tn;; Rue du 18 Janvier Ariana Center. 2080 ARIANA ARIANA;;;;;;
Worldrobotics;;nk@worldrobotics.org;www.worldrobotics.org;;;;;;;
WR-Access;;Leslia.vanceen@wraccess.com;www.wraccess.com;;;;;;;
Wstrategie;;contact@wstrategie.com;www.wstrategie.com;;;;;;;
X VISION;71702989;hassen.dhrif@planet.tn;;BP 330 El-Menzah 1, 1004 Tunis;;;;;;
XELIOS Afrique du nord;73210300;info@xelios.com.tn;;8, Rue du 22 janvier 1952 , 4000 Sousse;;;;;;
xtensus;71 856 100�;"projet@xtensus.com;dev-php@xtensus.com";www.xtensus.com;Parc Technologique de Tunis - BP11 - 2088 Tunis, Tunisie;;;;;;
Yaskawa;;robotics@yaskawa.eu.com;www.yaskawa.eu.com;;;;;;;
Zai-info;;zhatem@zai-info.com;www.zai-info.com;;;;;;;
Zenithsoft;;commerciale@zenithsoft.com.tn;www.zenithsoft.com.tn;;;;;;;
E-NET ENET;71 856 980;direction.e-net@planet.tn;;Rte Raoued Km 3.5 PARC TECHNOLOGIQUE ARIANA;;;;;;
;;;;;;;;;;
;;;;;;;;;;
;;;;;;;;;;
;;;;;;;;;;
;;;;;;;;;;
;;;;;;;;;;
Raison sociale;Premier responsable;Activit�;Email;T�l�phone;Site Web;;;;;
;;;;;;;;;;
;;;;;;;;;;
Acies Tunisie;Mourad Ben Ayed;SSII sp�cialis� en application WEB ,e-commerce ,E-marketing et solutions de paiement;acies@norkatech.com;71856600;www.norkatech.com;;;;;
Aeroconseil Tunisie;Jerome Perruchot;Bureau d��tude en avionique, syst�me �lectroniques et performance de vol ;aeroconsonseil-tunisie@aeroconseil.com ;70104605;www.aeroconseil.com ;;;;;
Airsavings Tunisie;Raphael B�jar;D�finition, et cr�ation de nouveaux services en lignes d�di�es aux compagnies a�riennes Low Costs;contact@airsavings.net;71857480;www.airsavings.net;;;;;
Alcatel-Lucent Tunisie;Fay�al Hafoudhi ;D�veloppement des logiciels des t�l�communications et ing�nierie t�l�coms;;70104000;www.alcatel-lucent.fr;;;;;
Appcon Technologies;Hafedh Sammoud;expertise dans le domaine de conception des syst�mes �lectroniques, programmation des DSP, traitements de signaux et des syst�mes embarqu�s.;info@appcon.com.tn;70834890;www.appcontech.de;;;;;
Archimed Tunisie;Sami Mcharek;Mise en �uvre de projets documentaires;archimed@archimed.com.tn;71859710;www.archimed.fr/;;;;;
ARDIA;Walid Rouis;"Service et conseil en ing�nierie dans les domaines suivants : - D�veloppement de logiciels embarqu�s ou PC - Etudes m�caniques et �lectroniques - Tests et validation de syst�mes complexes - Services et �quipements de manufacturing - Laboratoire de qualification thermo-m�canique.";aridia.contact@ardia.com.tn;71858633;www.ardia.com.tn;;;;;
BEBCOM Technologies;Ali Djebou;Design des blocs analogiques et d�veloppement des IPs ;ali.djebou@desix-tech.com;71859399;www.desix-tech.com;;;;;
Bilog;Eric Berltrando;D�veloppement de logiciels ;eric@bilog.fr;71859454;www.bilog.fr;;;;;
Blue Wave;Marc Daure;Conception et d�veloppement des logiciels ActivPortal (portail, business intelligence, cms, ged, crm�);Marc.Daure@bluewave.mc;71857606;www.bluewave.mc;;;;;
Centre d'appel Basma;Chawki Jouini;Centre de support ;basma.emploi@planet.tn;71858877;www.basma-emploi.tn;;;;;
CondinTech ;Mohamed Tlich;D�veloppement et conception de code d�erreur de type Turbo-Code avec trois modifications principales (solution propri�taires et brevets) lui permettant d�op�rer � des d�bits des Gbps tout en �tant tr�s proche de la limite de Shannon;mohamed.tlich@orange.fr;71856676;;;;;;
Cynapsys;Imed Ammar;Assistance technique, �tude, ing�nierie et d�veloppement de logiciels embarqu�s pour les t�l�communications;i.ammar@cynapsys.de;71857899;www.cynapsys.de;;;;;
Ebsys;Anis Jabloun;R&D dans le domains des syst�mes de t�l�communication;ebsys@ebsys-tech.com;71859108;;;;;;
Emulation & Verification� Engineering;Luc Burgun;#NOM?;wbyoussef@eve-team.com  gerald.couaillier@eve-team.com;;;;;;;
E-NET;Amor Sa�dani;D�veloppement Internet et multim�dia;direction.e-net@planet.tn;98267304;;;;;;
Ericsson;H�di B�ji;D�veloppement des logiciels des t�l�communications et ing�nierie des syst�mes des t�l�coms.;;71962400;www.ericsson.com;;;;;
Eurogiciel Tunisie;Dimitri Chanteperdrix;D�veloppement de logiciels appliqu� aux logiciels embarqu�s dans l�a�ronautique, spatial, t�l�com, naval et automobile);dimitri.chanteperdrix@eurogiciel.fr;71857778;www.eurogiciel.fr;;;;;
Exenon;Mohamed ali Jemmali;D�veloppement software et consulting IT autour des plateformes Microsoft. ;info@exenon.com;71539334;www.exenon.com;;;;;
Faurecia Informatique Tunisia;MORTAS Xavier;Support, de maintenance corrective et de gestion �volutive des applications informatiques des soci�t�s du groupe Faurecia;xavier.mortas@faurecia.com;70104500;www.faurecia.com;;;;;
Feed Back Leaders ;Ikbel Snoussi ;Soci�t� de d�veloppement de solutions marketing et de communication interactive pour le march� international;Snoussi.ikbel@smartls.net;70�834 520;;;;;;
Genitech;Didier plas;"D�mat�rialisation de processus : - e-administration  - e-government  - e-entreprises. ";dplas@genigraph.fr;71857773;www.genigraph.fr;;;;;
Global Payment Gateway ;M'barek Boukhari ;D�veloppement de diff�rentes applications qui touche au payement �lectronique par carte bancaire et  Prestataire de service de payement.;m.boukhari@gpgateway.com;71857285;www.gpgateway.com;;;;;
Himilco Mon�tique ;Raed Kouki;Mise en place de solutions mon�tiques ;contact@himilco.net;70834929;www.himilco.net;;;;;
HITEK ;Hana Jlassi;Consulting dans le domaine des t�l�communications et l�installation des r�seaux de t�l�communication;h.jlassi@gmail.com;;;;;;;
Huawei Technologies;Jakie Chen;D�veloppement des logiciels des t�l�communications et ing�nierie t�l�coms;huawei@gnet.tn;71859860;www.huawei.com;;;;;
IGE-XAO Tunisie;Alain Di CRESCENZO;D�veloppement et maintenance de logiciels dans le domaine de conception assist� par ordinateur pour les syst�mes �lectriques;hchtara@ige-xao.com;70834545;www.ige-xao.com;;;;;
INSPIRE;Kais Thabet;Conception et d�veloppement de logiciels et sites web  ;info@inspire.com.tn;71859581;www.inspire.com.tn;;;;;
Intercom Consulting ;Hichem boussetta;"- Conception des solutions informatiques - Mise en oeuvre (int�gration & param�trage) des solutions informatiques - T�l�maintenance des applications d�velopp�es";"hboussetta@intercom-technologies.fr Karimbenna.toulouse@yahoo.fr ";;www.intercom-technologies.fr;;;;;
ITBS ;Laurent Renault ;"D�veloppement d'applications web et de communications sur les r�seaux t�l�phoniques fixes traditionnels ou IP, les r�seaux mobiles GSM, GPRS, UMTS Services de transport sur les r�seaux IP MPLS Ces d�veloppements sont r�alis�s pour le compte d'entreprises internationales.";rlt@itbs4tic.com;71857633;www.itbs4tic.com;;;;;
Karitech;Mohamed Yassine Jemai;D�vloppement de portails web;mohamed.jemai@agencekarismatik.com;71859633;www.agencekarismatik.com;;;;;
Kromberg&Shubert Centre Technologique;Hamed Kilani;D�veloppement de nouvelles technologies de dessin par ordinateur des faisceaux, plastics et de m�caniques-�lectronique en utilisant les derni�res techniques de CAO (CATIA v4 et CATIA v5);info@kstn-tu.kroschu.com;70104400;www.ksab.kroschu.com;;;;;
Lb Consulting;Lassaad Belkahia;Conseil en Yield Management. D�veloppement, mise en place et maintenance de logiciels;lbconsulting@planet.tn;71857874;www.lbconsulting.com.tn;;;;;
Link Software Inetnational;Adel Gasri;Conception et d�veloppement de solutions informatiques;agasri@linkconet.com;71856175;www.linkconet.com;;;;;
LTEC ;Pierre Ledru;�tude conception d�veloppement maintenance des syst�mes de traitement automatique de l�information.;kris.begue@wanadoo.fr;70834707;;;;;;
MICROPIXEL;Ridha Radhouane ;"- D�veloppement SW - D�veloppement HW et prototypage - Custom design (HW + SW ) et integration - Solutions sp�ciales, expertise et conseil en IT et Telecom";ridha.radhouane@video-log.com;97199142;www.video-log.com;;;;;
Microsoft Innovation Center;Charfi Leila;Soutien de l'industrie logicielle Tunisienne ;mictn@mictosoft.com;71858410;www.microsoft.com;;;;;
Mkone ;Ludovic guyot;D�veloppement de solutions e-business dans le domaine des nouvelles technologies. D�veloppement et int�gration de logicielles dans le domaine des moteurs de recherche et moteurs de recherche s�mantique.;contact@groupe-mkone.com;71�856 357;www.groupe-mkone.com;;;;;
MOBILCOM;Hichem Hedhli;Prestation  service Internet;info@mobilcom.com.tn;71 85 89 98 ;www.mobilcom.com.tn;;;;;
Mobile Powered;Claude Lemardely;#NOM?;claude.lemardely@mootwin.com;;www.mootwin.com;;;;;
Ncs Telecom;Med Habib Chebbi;D�ploiement de solutions r�seaux et de s�curit�;contact@ncstelecom.net;70834980;www.ncsetelecom.net;;;;;
NetMed;Kamyl Bouglita;D�veloppement de portails informatiques;management@web-consulting.info;71858661;;;;;;
Neway IT;Mouez Memmi;"D�veloppement logiciel embarqu� D�veloppements des plateformes de tests des terminaux num�riques (r�cepteurs DVB, contr�le d�acc�s) D�veloppements des couches logicielles des terminaux num�riques (r�cepteurs, t�l�viseur num�riques et t�l�vision � p�age).";memmi@neway-it.com;70834575;www.neway-it.com;;;;;
New-Tech CEREFI;Nejib Belhabib;Conception, le d�veloppement et l�int�gration de syst�mes informatiques ;belhabib@gnet.tn;71859000;www.newtech.com.tn;;;;;
NSIS M�diterran�e  ;Slim Askri;"D�veloppement, maintenance et conseil sur les technologies : -SAP R3/ Oracle JD Edwards - Mainframe : Cobol, MVS, Pacbase - Java/J2EE Dot net";saskri@nsiservices.com;71858021;www.nsiservices.com;;;;;
Omniacom group;Samir Kallel;Innovation, Conception et Fabrication d'�quipements et de produits de t�l�communications ;omniacom@omniacom.com.tn;71857738;www.omniacom.com.tn;;;;;
Open Vision;Hassen Dhrif;SSLL sp�cialis�e dans l�int�gration et le d�veloppement des solutions open source;Info@openvision.tn hassen.dhrif@openvision.com.tn;71856200;www.openvision.tn;;;;;
Picosoft;Fakher Hachicha;D�veloppement des logiciels de gestion �lectronique de documents;info@picosoft.biz;71856735;www.picosoft-online.com;;;;;
Piterion Tunisia;Mourad Othman;D�veloppement de logiciels dans les domaines de PLM ;info@piterion-tunisia.com;71859864;www.piterion-tunisia.com;;;;;
Progress Engineering;Med Sadok Mouha;Etude, ing�nierie et d�veloppement de solutions informatiques ;contact@progress.com.tn;71856360;www.progress.com.tn;;;;;
ReKrute.com;Ramla Jamel ;Portail de e-recrutement � www. Rekrute.com �;information@rekrute.com;70 83 49 40;www.rekrute.com;;;;;
Scadacom;Khaled Turki;"D�veloppement de syst�mes de transmission de donn�es a hauts d�bits (hardware & software) : - Conception, d�veloppement,  r�alisation et d�ploiement des r�seaux de transmission de donn�es � haut d�bits par voie radio et filaire (B.L.R , xDSL) - Fabrication et assemblage des �quipements
Activit� de recherche et d�veloppement (R&D) dans le secteur du logiciel de gestion des r�seaux et des syst�mes embarqu�s.";contact@scadacom.net.tn;71858816;www.scadacom.net.tn;;;;;
Serma International;Daniel Trias;Eude, analyse et conseil en haute technologie �lectronique ;d.Trias@serma.com;71856923;www.serma.com;;;;;
SIT e-learning;Kamel Masmoudi;D�veloppement et conception de solutions e-learning;info@sit.com.tn;71858180;www.sit.com.tn;;;;;
SOFT EXPERT;Lotfi M'barki;Audit et mise en place de syst�mes d'informations;Soft.expert@topnet.tn;70834561;;;;;;
Soft Maint Tunisia;Mhammed Dalla;"La soci�t� va intervenir dans les domaines suivants : - D�ploiement des nouvelles technologies - D�veloppement d�applications - Conseil et solutions g�nie logiciels";mdalla@sodifrance.fr;71857772;www.sodifrance.fr;;;;;
SOGECLAIR AEROSPACE SARL;Habib Oueslati;D�veloppement de solutions innovantes de simulation virtuelle ;habib.oueslati@clairis-technologies.fr;71857601;www.clairis-technologies.fr;;;;;
STMicroelectronics;Hichem Ben Hamida;Conception,d�veloppement et test dans le domaine des semi conducteurs;hichem.benhamida@st.com;71857750;www.st.com;;;;;
StoneSoft;Maher Keskes;Centre de support technique autour des solutions Stonesoft ;Maher.keskess@stonesoft.com;71859510;www.stonesoft.com;;;;;
SYNERGY-SPACE;Makram Abid;Portail de veille technologique et du support    p�dagogique universitaire gratuit;contact@synergy-space.com      info@synergy-space.com;71857437;www.synergy-space.com;;;;;
Techmed;Souheil Youssef;Etude et conception d�architecture de Syst�mes d�information;info@manitoo.fr;71859868;;;;;;
Telnet Electronics ;Mohamed Frikha;Conception et d�veloppement des cartes �lectroniques.;info@groupe-telnet.net;71858055;www.groupe-telnet.com;;;;;
Telnet Technologies;Mohamed Frikha;Etude, ing�nierie et d�veloppement de solutions informatiques ;info@groupe-telnet.net;71858055;www.groupe-telnet.com;;;;;
Tunav;Anis Kallel;D�veloppement et fabrication de produits et syst�mes GPS pour la localisation et la supervision de v�hicules;tunav@tunav.com ;71858920;www.tunav.com;;;;;
TUNISIA CAM;Ahmed Hadj Ali;Conception et param�trisation de post processeur (software) pour la programmation des machines � commandes num�riques ainsi que le d�veloppement de model virtuel de ces machines pour la simulation des �tapes de productions et d�usinage de pi�ce m�canique pour les domaines de l�a�ronautique et l�automobile;ahmed@icam.com;71856676;www.icam.com ;;;;;
Tunisie E-Business;Ludovic guyot;"D�veloppement de solutions e-business dans le domaine des nouvelles technologies.
D�veloppement et int�gration de logicielles de commerce �lectroniques";contact@tunis-ebusiness.com;70835525;www.tunis-ebusiness.com;;;;;
VERTEX;Bahri Mohamed Ghazi;D�veloppement de nouvelles techniques de marketing en ligne en Tunisie tel que le r�f�rencement  naturel et  le rich media;ghazi.bahri@gmail.com;71856676;;;;;;
Via Mobile;Anissa Masmoudi ;le d�veloppement et l�exploitation de logiciels informatiques (mobile payment);contact@viamobile.tn;71856452;www.mdinar.com    www.viamobile.tn;;;;;
Vutel Tunisie ;Giovanni Ottati;Centre de gestion, supervision du r�seau de VUETEL ITALIA. Le centre est responsable de garantir l'accessibilit� aux services de transport de voix et des donn�s, de la connectivit� IP, bon fonctionnement des interconnexions, de l�efficacit� des appels t�l�phoniques internationaux, de la qualit� du service;giovanni.ottati@vue-tele.com;;;;;;;
Xtensus;Ferid Baklouti;Exploitation de portails, d�veloppement web, multim�dia, infographie, publicit� en ligne;contact@xtensus.com;71856100;www.xtensus.com;;;;;
Raison sociale;Premier responsable;Activit�;Email;T�l�phone;Site Web;;;;;
Algebra ;Bayrem Belhadj Amor ;D�veloppement des solutions  compl�tes de fiabilisation de processus d�industrialisation et des de solution software bas�e sur le contr�le vid�o.;beyram.ba@gmail.com;71856676;;;;;;
GIS-GPS;Maher Raddadi ;Localisation par satellites et gestion du carburant;mehergps@gmail.com;;;;;;;
HITS ;Med Wahb Ouertani ;;;;;;;;;
HUGE LINK;Mohamed hamza Lakhoua ;"D�veloppement de solutions mobiles (windows mobile Apps, Android Apps, iphone Apps etc.);D�veloppement des applications embarqu�es ainsi que des applications web;";contact@espacemanager.com;70835231;www.espacemanager.com;;;;;
Incube N.A;Ahmed Morsi Haddad;"D�veloppement et mise en place des solutions de mobilit� et surtout la technologie RFID �Radio Frequency Identification �. Pr�sentation en Tunisie et Afrique du Nord de l�entreprise INCUBE qui est bas� � Amman/Jordanie est l�une des premiers fournisseurs de solutions pour les applications des ordinateurs de poche.";morsihaddad@gmail.com;;www.e-incube.com;;;;;
kartagis Technologies;Malek Baroudi ;D�ploiement de services de t�l�phonie sur IP;baroudi.malek@gmail.com                  mbaroudi@kartagis.com;;www.kartagis.com;;;;;
OTENTIC SOFTWARE;Baligh Belgacem;"D�veloppement des solution techniques se basant sur des outils Open Source permettant la communication aux syst�mes d�informations d�une mani�re �lectronique. Cette solution permettra une int�gration fluide et � temps quasi r�el des flux d�information, qui peuvent �tre de natures diff�rentes : facture, offres financi�res, pi�ces comptables, contrats, � La solution doit �tre accessible aux PME qui disposent d�j� d�un syst�me d�information. L�accent sera mis sur la s�curit� ";baligh@otenticsoftware.com;;www.otenticsoftware.com;;;;;
Tunisia Voice ;Mme Yosra Barouni & Sofiane Khalfallah;D�veloppement de syst�me d�informations g�omatiques : solutions g�omatiques et g�o-informatique personnalis�es;sofiane.khalfallah@gmail.com  yosra.barouni@tunisia-voice.com;;www.tunisia-voice.com;;;;;
